region,pronunciation
Northeast,Rees-EES
West,Rees-IS
West,Rees-IS
Northeast,Rees-IS
Northeast,Rees-EES
West,Rees-IS
Midwest,Rees-EES
Midwest,Rees-IS
Northeast,Rees-EES
South,Rees-EES
Northeast,Rees-IS
Northeast,Rees-IS
Northeast,Rees-IS
Northeast,Rees-IS
South,Rees-EES
Northeast,Rees-EES
West,Rees-IS
South,Rees-EES
West,Rees-IS
West,Rees-IS
South,Rees-EES
Northeast,Rees-EES
Northeast,Rees-IS
Northeast,Rees-EES
Northeast,Rees-EES
Northeast,Rees-EES
Northeast,Rees-EES
Northeast,Rees-EES
Northeast,Rees-EES
Northeast,Rees-EES
South,Rees-EES
Northeast,Rees-EES
Northeast,Rees-EES
South,Rees-IS
West,Rees-IS
Northeast,Rees-EES
South,Rees-IS
West,Rees-EES
Northeast,Rees-EES
Northeast,Rees-IS
Northeast,Rees-EES
Northeast,Rees-EES
Northeast,Rees-EES
Northeast,Rees-EES
Northeast,Rees-EES
Northeast,Rees-EES
South,Rees-IS
South,Rees-EES
South,Rees-EES
Northeast,Rees-EES
Northeast,Rees-EES
Northeast,Rees-IS
Northeast,Rees-EES
South,Rees-EES
West,Rees-EES
West,Rees-IS
Northeast,Rees-IS
Midwest,Rees-EES
Northeast,Rees-EES
South,Rees-EES
South,Rees-IS
Northeast,Rees-IS
Northeast,Rees-EES
South,Rees-EES
South,Rees-IS
Northeast,Rees-EES
Northeast,Rees-IS
Midwest,Rees-EES
Midwest,Rees-IS
South,Rees-EES
Northeast,Rees-EES
South,Rees-IS
Northeast,Rees-EES
Northeast,Rees-EES
Northeast,Rees-IS
Midwest,Rees-EES
South,Rees-IS
Northeast,Rees-EES
Northeast,Rees-IS
South,Rees-IS
South,Rees-EES
South,Rees-EES
South,Rees-EES
Northeast,Rees-IS
Northeast,Rees-IS
South,Rees-IS
South,Rees-EES
Northeast,Rees-EES
Northeast,Rees-EES
Northeast,Rees-EES
Northeast,Rees-EES
South,Rees-IS
Northeast,Rees-IS
South,Rees-IS
West,Rees-EES
Northeast,Rees-IS
Northeast,Rees-EES
South,Rees-EES
South,Rees-IS
South,Rees-EES
Northeast,Rees-IS
Northeast,Rees-EES
Midwest,Rees-EES
Midwest,Rees-EES
Northeast,Rees-IS
Northeast,Rees-EES
Northeast,Rees-IS
South,Rees-IS
Northeast,Rees-EES
West,Rees-EES
Midwest,Rees-IS
Midwest,Rees-IS
Midwest,Rees-EES
Midwest,Rees-IS
Midwest,Rees-IS
Midwest,Rees-EES
Midwest,Rees-EES
West,Rees-IS
West,Rees-IS
South,Rees-EES
West,Rees-IS
West,Rees-IS
South,Rees-IS
Northeast,Rees-EES
Northeast,Rees-IS
West,Rees-EES
South,Rees-IS
Northeast,Rees-EES
South,Rees-EES
West,Rees-IS
Northeast,Rees-IS
Northeast,Rees-IS
West,Rees-IS
Northeast,Rees-IS
Northeast,Rees-IS
Northeast,Rees-EES
Midwest,Rees-IS
West,Rees-IS
South,Rees-IS
West,Rees-IS
Northeast,Rees-IS
West,Rees-EES
West,Rees-IS
West,Rees-IS
South,Rees-EES
West,Rees-IS
Northeast,Rees-EES
South,Rees-IS
Northeast,Rees-EES
West,Rees-IS
Northeast,Rees-EES
Northeast,Rees-EES
West,Rees-IS
Northeast,Rees-EES
South,Rees-IS
Northeast,Rees-EES
Northeast,Rees-IS
Midwest,Rees-EES
Midwest,Rees-EES
West,Rees-IS
West,Rees-IS
West,Rees-IS
Northeast,Rees-IS
West,Rees-IS
West,Rees-IS
South,Rees-IS
Northeast,Rees-EES
Northeast,Rees-IS
West,Rees-IS
Northeast,Rees-EES
Northeast,Rees-IS
Northeast,Rees-EES
West,Rees-IS
Northeast,Rees-IS
West,Rees-IS
West,Rees-IS
South,Rees-IS
Northeast,Rees-EES
West,Rees-EES
West,Rees-IS
South,Rees-IS
Northeast,Rees-IS
South,Rees-EES
Northeast,Rees-EES
West,Rees-IS
West,Rees-IS
West,Rees-IS
South,Rees-IS
South,Rees-EES
Northeast,Rees-IS
Northeast,Rees-IS
Northeast,Rees-IS
Northeast,Rees-IS
Northeast,Rees-EES
Northeast,Rees-IS
Northeast,Rees-EES
Northeast,Rees-IS
Northeast,Rees-EES
Northeast,Rees-EES
Northeast,Rees-EES
Northeast,Rees-IS
Northeast,Rees-IS
South,Rees-IS
Northeast,Rees-EES
South,Rees-EES
West,Rees-IS
South,Rees-IS
Northeast,Rees-EES
South,Rees-IS
West,Rees-IS
Northeast,Rees-IS
Midwest,Rees-IS
Northeast,Rees-IS
Northeast,Rees-EES
Northeast,Rees-EES
West,Rees-EES
South,Rees-IS
Northeast,Rees-EES
Northeast,Rees-EES
West,Rees-IS
South,Rees-IS
Midwest,Rees-IS
Northeast,Rees-IS
West,Rees-IS
Northeast,Rees-EES
South,Rees-EES
West,Rees-IS
Northeast,Rees-EES
West,Rees-IS
Northeast,Rees-IS
Northeast,Rees-EES
Midwest,Rees-EES
South,Rees-IS
Midwest,Rees-EES
Northeast,Rees-EES
West,Rees-EES
Northeast,Rees-EES
South,Rees-EES
Northeast,Rees-IS
South,Rees-EES
Northeast,Rees-IS
Northeast,Rees-IS
West,Rees-EES
West,Rees-IS
Northeast,Rees-IS
West,Rees-IS
Northeast,Rees-EES
South,Rees-IS
West,Rees-IS
Midwest,Rees-EES
Northeast,Rees-EES
South,Rees-EES
