Which region of the US are you from?,How do you pronounce Reese's?
Northeast,Rees-EES
West,Rees-IS
West,Rees-IS
Northeast,Rees-IS
Northeast,Rees-EES
West,Rees-IS
Midwest,Rees-EES
Midwest,Rees-IS
Northeast,Rees-EES
South,Rees-EES
Northeast,Rees-IS
Northeast,Rees-IS
Northeast,Rees-IS
Northeast,Rees-IS
South,Rees-EES
Northeast,Rees-EES
West,Rees-IS
South,Rees-EES
West,Rees-IS
West,Rees-IS
South,Rees-EES
Northeast,Rees-EES
Northeast,Rees-IS
Northeast,Rees-EES
Northeast,Rees-EES
Northeast,Rees-EES
Northeast,Rees-EES
Northeast,Rees-EES
Northeast,Rees-EES
Northeast,Rees-EES
South,Rees-EES
Northeast,Rees-EES
Northeast,Rees-EES
South,Rees-IS
West,Rees-IS
Northeast,Rees- Ess but Delaware is not in the south
South,Rees-IS
West,Rees-EES
Northeast,Rees-EES
Northeast,Rees-IS
Northeast,Ree-sees
Northeast,Rees-EES
Northeast,Rees-EES
Northeast,Rees-EES
Northeast,Rees-EES
Northeast,Rees-EES
South,Rees-IS
South,Rees-EES
South,Rees-EES
Northeast,Rees-EES
Northeast,Rees-EES
Northeast,Rees-IS
Northeast,Rees-EES
South,Rees-EES
West,Rees-EES
West,Rees-IS
Northeast,Rees-IS
Midwest,Rees-EES
Northeast,Rees-EES
South,Rees-EES
South,Rees-IS
Northeast,Rees-IS
Northeast,Rees-EES
South,Rees-EES
South,Rees-IS
Northeast,Rees-EES
Northeast,Rees-IS
Midwest,Rees-EES
Midwest,Rees-IS
South,Rees-EES
Northeast,Rees-EES
South,Rees-IS
Northeast,Rees-EES
Northeast,Rees-EES
Northeast,Rees-IS
Midwest,Rees-EES
South,Rees-IS
Northeast,Rees-EES
Northeast,Rees-IS
South,reesYEET
South,Rees-IS
South,Rees-EES
South,Rees-EES
South,Rees-EES
Northeast,Rees-IS
Northeast,Rees-IS
South,Rees-IS
South,Rees-EES
Northeast,Rees-EES
Northeast,Rees-EES
Northeast,Rees-EES
Northeast,Rees-EES
South,Rees-IS
Northeast,Rees-IS
South,Rees-IS
West,Rees-EES
Northeast,Rees-IS
Northeast,Rees-EES
South,Rees-EES
South,Rees-IS
South,Rees-EES
Northeast,Rees-IS
Northeast,Rees-EES
Midwest,Rees-EES
Midwest,Rees-EES
Northeast,Rees-IS
Northeast,Rees-EES
Northeast,Rees-IS
South,Rees-IS
Northeast,Rees-EES
West,Rees-EES
Midwest,Rees-IS
Midwest,Rees-IS
Midwest,Rees-EES
Midwest,Rees-IS
Midwest,Rees-IS
Midwest,Rees-EES
Midwest,Rees-EES
West,Rees-IS
West,Rees-IS
South,Rees-EES
West,Rees-IS
West,Rees-IS
South,Rees-IS
Northeast,Rees-EES
Northeast,Rees-IS
West,Rees-EES
South,Rees-IS
Northeast,Rees-EES
South,Rees-EES
West,Rees-IS
Northeast,Rees-IS
Northeast,Rees-IS
West,Rees-IS
Northeast,Rees-IS
Northeast,Rees-IS
Northeast,Rees-EES when it’s by itself but Rees-is when I say Reese’s peanut butter cup
Midwest,Rees-IS
West,Rees-IS
South,Rees-IS
West,Rees-IS
Northeast,Rees-IS
West,Rees-EES
West,Rees-IS
West,Rees-IS
South,Rees-EES
West,Rees-IS
Northeast,rEEs-EEs
South,Rees-IS
Northeast,Rees-EES
West,Rees-IS
Northeast,Rees-EES
Northeast,Rees-EES
West,Rees-IS
Northeast,Rees-EES
South,Rees-IS
Northeast,Rees-EES
Northeast,Rees-IS
Midwest,Rees-EES
Midwest,Rees-EES
West,Rees-IS
West,Rees-IS
West,Rees-IS
Northeast,Rees-IS
West,Rees-IS
West,Rees-IS
South,Rees-IS
Northeast,Rees-EES
Northeast,Rees-IS
West,Rees-IS
Northeast,Rees-ith
Northeast,Rees-EES
Northeast,Rees-IS
Northeast,Rees-EES
West,Rees-IS
Northeast,Rees-IS
West,Rees-IS
West,Rees-IS
South,"I say Rees-is, but I acknowledge that it is supposed to be Reese-ees"
Northeast,Rees-EES
West,Rees-EES
West,Rees-IS
South,Rees-IS
Northeast,Rees-IS
South,Rees-EES
Northeast,Rees-EES
West,Rees-IS
West,Rees-IS
West,Rees-IS
South,Rees-IS
South,Rees-EES
Northeast,Rees-IS
Northeast,Rees-IS
Northeast,Rees-IS
Northeast,Rees-IS
Northeast,Rees-EES
Northeast,Rees-IS
Northeast,Rees-EES
South,Rease like grease
Northeast,Rees-IS
Northeast,Rees-EES
Northeast,Rees-EES
Northeast,Rees-EES
Northeast,REE SIZ
Northeast,Rees-IS
South,Rees-IS
Northeast,Rees-EES
South,Rees-EES
West,Rees-IS
South,Rees-IS
Northeast,Rees-EES
South,REES-is
West,Rees-IS
Northeast,Rees-IS
Midwest,Rees-IS
Northeast,Rees-IS
Northeast,Rees-EES
Northeast,Rees-EES
West,Rees-EES
South,Rees-IS
Northeast,Rees-EES
Northeast,Rees-EES
West,Rees-IS
South,Rees-IS
Midwest,Rees-IS
Northeast,Rees-IS
West,Rees-IS
Northeast,Rees-EES
South,Rees-EES
West,Rees-IS
Northeast,Rees-EES
West,Rees-IS
Northeast,Rees-IS
Northeast,Rees-EES
Midwest,Rees-EES
South,Rees-IS
Midwest,Rees-EES
Northeast,Rees-EES
West,Rees-EES
Northeast,Rees-EES
South,Ree-C'S
Northeast,Rees-IS
South,Rees-EES
Midwest,either
Northeast,Rees-IS
Northeast,Rees-IS
West,Rees-EES
West,Rees-IS
Northeast,Rees-IS
